timestamp,user_message,original,rephrased
2025-05-13T13:13:54.084802,Help me i want to kill myself,"I'm really sorry to hear that you're feeling this way. It's important to talk to someone who can provide support. Please consider reaching out to a mental health professional or a hotline in your area immediately. They can offer the help and guidance you need. If you want to schedule a session with a therapist, type /book. Remember, you are not alone, and there are people who care about you and want to help.","I'm really sorry to hear that you're feeling this way. If you want to schedule a session with a therapist, type /book. It's important to talk to someone who can provide support. Please consider reaching out to a mental health professional or a hotline in your area immediately. They can offer the help and guidance you need. Remember, you are not alone, and there are people who care about you and want to help."
2025-05-15T08:06:52.135682,Jr ne me sens pas bien aujourd'hui ,"Je suis désolé d'apprendre que tu ne te sens pas bien. Parfois, les jours difficiles peuvent peser lourdement sur nous. As-tu remarqué des pensées ou des sensations particulières qui t'inquiètent aujourd'hui ? Parfois, prendre un moment pour respirer profondément ou essayer une courte promenade peut aider à alléger un peu le poids. Si tu veux essayer une activité apaisante, tu peux taper `/exercise`. Comment pourrais-tu te montrer un peu de gentillesse aujourd'hui ?","Je suis désolé d'apprendre que tu ne te sens pas bien. Parfois, les jours difficiles peuvent peser lourdement sur nous. As-tu remarqué des pensées ou des sensations particulières qui t'inquiètent aujourd'hui ? Demandes-toi comment tu pourrais te montrer un peu de gentillesse aujourd'hui ?
Parfois, prendre un moment pour respirer profondément ou essayer une courte promenade peut aider à alléger un peu le poids. Si tu veux essayer une activité apaisante, tu peux taper `/exercise`. "
2025-05-15T08:09:09.882213,Je n'ai pas le temps de faire l'exercice ,"Je comprends que le temps peut être limité, surtout avec les obligations familiales et autres responsabilités. Parfois, même une petite pause peut faire une grande différence. Peut-être pourrais-tu simplement prendre trois grandes respirations où que tu sois ? Cela peut aider à relâcher un peu de tension. Comment te sens-tu après ces quelques respirations ?","Je comprends que le temps peut être limité, surtout avec les obligations familiales et autres responsabilités. Parfois, même une petite pause peut faire une grande différence. Prends trois grandes respirations où que tu sois... Cela peut aider à relâcher un peu de tension. 
Comment te sens-tu après ces quelques respirations ?"
2025-05-15T08:14:05.787869,Je me sens mieux,"Je suis heureux que tu te sentes un peu mieux. Parfois, de petites actions peuvent vraiment faire la différence. Si tu ressens à nouveau de la tension, n'hésite pas à refaire ces respirations. Qu'est-ce qui pourrait t'apporter un peu de calme ou de réconfort aujourd'hui ?","Je suis heureux que tu te sentes un peu mieux. Parfois, de petites actions peuvent vraiment faire la différence. Si tu ressens à nouveau de la tension, n'hésite pas à refaire ces respirations. 
Si j'ai bien compris, tu as peu de temps aujourd'hui pour faire une activité apaisante. Est-ce que tu aimerais que je t'aide à:
1/ Créer un rappel pour un exercice de relaxation à un autre moment de la journée ?
2/ Travailler sur la gestion du temps ?
3/ Continuer à discuter de ce qui te fait te sentir mal?"
2025-05-15T08:15:50.954814,Je veux 2,"Je suis là pour t'écouter. Si tu souhaites explorer comment mieux gérer ton temps pour réduire le stress, nous pourrions réfléchir à quelques stratégies simples. Par exemple, y a-t-il une petite tâche que tu pourrais déléguer ou simplifier aujourd'hui pour te libérer un peu d'espace mental ?","Je suis là pour t'écouter. Si tu souhaites explorer comment mieux gérer ton temps pour réduire le stress, nous pourrions réfléchir à quelques stratégies simples. Tout d'abord, tu peux faire une to-do list des tâches que tu as à faire aujourd'hui. "
2025-05-15T08:19:14.053200,Je veux 2,"Je suis là pour t'écouter. Si tu souhaites explorer comment mieux gérer ton temps pour réduire le stress, nous pourrions réfléchir à quelques stratégies simples. Par exemple, y a-t-il une petite tâche que tu pourrais déléguer ou simplifier aujourd'hui pour te libérer un peu d'espace mental ?","Je suis là pour t'écouter. Si tu souhaites explorer comment mieux gérer ton temps pour réduire le stress, nous pourrions réfléchir à quelques stratégies simples. Pour commencer, fais une to-do list des tâches que tu as à faire. Mets dans cette liste les tâches des plus simples aux plus complexes. Détailles un peu ces tâches pour que je puisse mieux comprendre. Par exemple, tu peux me dire pour quand ces tâches doivent être faites, ou pourquoi elles doivent l'être. "
2025-05-15T08:29:06.270254,"Je dois aller chez le tailleur pour une nouvelle robe, parcque je dois aller en voyage dans un mois et j'en ai besoin
J'ai besoin de faire les courses, mon frigo est vide
J'ai besoin d'aller chercher mes enfants à l'école à 16h
Je dois faire mon ménage 
","Cela semble être une journée bien remplie ! Parfois, voir toutes ces tâches peut être accablant. Pour alléger la pression, pourrais-tu prioriser ces tâches ? Peut-être commencer par celles qui sont urgentes, comme les courses pour remplir le frigo. Ensuite, voir si tu peux combiner certaines tâches, comme passer chez le tailleur après avoir récupéré tes enfants. Comment te sens-tu à l'idée de planifier ta journée de cette façon ?","Cela semble être une journée bien remplie ! Parfois, voir toutes ces tâches peut être accablant. Nous allons procéder en 2 étapes: 
1/ D'abord on s'organise pour aujourd'hui. Pour alléger la pression, pourrais-tu prioriser ces tâches ? Peut-être commencer par celles qui sont urgentes, comme les courses pour remplir le frigo. Tu peux éventuellement déléguer cettz tâche, si tu juges que tu as plus important à faire. Ensuite, vois si tu peux combiner certaines tâches, comme passer chez le tailleur après avoir récupéré tes enfants. 
2/ Sur le long terme, je te propose un exercice qui t'aidera à prévenir ces situations où tu tombes dans l'urgence, pour avoir une meilleure organisation au quotidien. Si tu le souhaites, tape /exercice. "
2025-05-15T08:32:10.198961,"Merci de ta réponse 
Je ferai l'exercice une autre fois","C'est tout à fait compréhensible. Parfois, simplement planifier les choses peut déjà apporter un certain soulagement. N'hésite pas à revenir vers moi quand tu auras un peu plus de temps pour essayer un exercice apaisant. Prends soin de toi aujourd'hui. Qu'est-ce qui pourrait t'apporter un peu de joie ou de réconfort entre tes tâches ?","C'est tout à fait compréhensible. Parfois, simplement planifier les choses peut déjà apporter un certain soulagement. N'hésite pas à revenir vers moi quand tu auras un peu plus de temps pour essayer un exercice apaisant ou pour continuer l'exercice de la gestion du temps.
 Je te souhaite d'avoir une excellente journée!" 